InvoiceYearMonth,Total_Revenue
2010-12,554604.020000018
2011-1,475074.38000001636
2011-10,974603.5899999909
2011-11,1132407.7399999578
2011-12,342506.3800000034
2011-2,436546.1500000147
2011-3,579964.6100000151
2011-4,426047.8510000125
2011-5,648251.080000003
2011-6,608013.1600000106
2011-7,574238.481000012
2011-8,616368.0000000092
2011-9,931440.3719999959
